idx,dM_rate
0,-0.9014309555729527
1,-0.02099984541209421
2,-0.006100678301411366
3,0.014608188838089538
4,0.011200369995240385
5,-0.008320897193498248
6,-0.09342483239847867
7,-0.09714033184191578
8,-0.11318028280648533
9,-0.09621254300879646
10,-0.09588128959690523
11,-0.09346503114666445
12,-0.08960341962384079
13,-0.07163926908204937
14,0.003364055158240489
15,0.017088802200770848
16,0.018766121666631583
17,0.017531823613081327
18,0.017862988056923084
19,0.002507591773987865
20,0.0
