ind,hx_rate
0,-8.704488695146123
1,-8.727737744080601
2,-8.646795720551994
3,-8.543590903222054
4,-8.572070776426388
5,-8.453123590573682
6,-8.425949910160034
7,-8.345288433686818
8,-8.293405613729975
9,-8.261873226287296
10,-8.216864413457598
11,-8.143509070779217
12,-8.142295727446033
13,-7.995230290528288
14,-7.876347145950309
15,-7.801105724650382
16,-7.714196466061528
17,-7.593528427651774
18,-7.378237956495092
19,-7.095316816327826
20,-6.817226876387735
21,-6.628099737496533
22,-6.438724016154216
23,-6.160461247952667
24,-6.036183677388755
25,-5.841798590052516
26,-5.636047644834797
27,-5.415089245463958
28,-4.9248449991194985
29,-4.107735108814217
30,-3.50447542563505
31,-3.283814077240524
32,-3.030580200748903
33,-2.812603854065894
34,-2.6396450123399378
35,-2.452920890392576
36,-2.31890766050205
37,-2.2683758043720337
38,-2.1843155583537923
39,-2.1237909988039316
40,-2.024920344202186
41,-1.9729963964879331
